order_id,order_date,customer_id,product_id,category,city,quantity,unit_price,amount,payment_method
10001,2023-05-18,5033,117,Electronics,Bengaluru,5,4252.43,21262.15,Cash
10002,2024-04-28,5049,132,Electronics,Bengaluru,4,3964.74,15858.96,Cash
10003,2024-09-14,5137,147,Clothing,Hyderabad,1,3509.58,3509.58,UPI
10004,2023-11-22,5278,101,Sports,Chennai,1,209.38,209.38,Credit Card
10005,2024-03-08,5225,132,Books,Mumbai,1,2685.38,2685.38,Debit Card
10006,2023-08-25,5149,102,Sports,Hyderabad,2,3828.64,7657.28,UPI
10007,2023-07-10,5171,147,Books,Bengaluru,3,692.36,2077.08,Net Banking
10008,2024-11-17,5256,133,Sports,Hyderabad,2,1586.51,3173.02,UPI
10009,2024-05-06,5207,127,Clothing,Delhi,2,3744.28,7488.56,Net Banking
10010,2024-12-20,5261,107,Clothing,Hyderabad,3,523.69,1571.07,Cash
10011,2024-01-15,5241,103,Home,Chennai,4,3690.55,14762.2,Net Banking
10012,2024-08-30,5088,111,Books,Mumbai,5,2028.64,10143.2,UPI
10013,2023-07-24,5281,115,Sports,Hyderabad,5,4608.42,23042.1,Debit Card
10014,2024-08-14,5138,143,Books,Hyderabad,3,2349.75,7049.25,UPI
10015,2024-01-28,5266,150,Books,Mumbai,5,4064.79,20323.95,Cash
10016,2023-02-27,5292,136,Clothing,Hyderabad,4,4363.05,17452.2,Cash
10017,2024-05-11,5001,135,Books,Hyderabad,3,2130.68,6392.04,Net Banking
10018,2023-12-06,5118,141,Clothing,Hyderabad,4,3039.29,12157.16,Net Banking
10019,2023-07-05,5131,103,Electronics,Pune,1,4012.35,4012.35,UPI
10020,2024-04-08,5144,116,Home,Pune,1,3795.31,3795.31,Net Banking
10021,2023-07-09,5086,111,Home,Hyderabad,3,1522.39,4567.17,Credit Card
10022,2024-11-03,5151,130,Home,Bengaluru,3,3276.19,9828.57,Cash
10023,2023-04-27,5176,127,Clothing,Delhi,1,1628.82,1628.82,UPI
10024,2023-09-17,5222,102,Clothing,Pune,5,4886.02,24430.1,Cash
10025,2023-05-30,5083,129,Books,Chennai,1,3622.29,3622.29,Cash
10026,2024-07-11,5265,129,Clothing,Hyderabad,2,4887.18,9774.36,UPI
10027,2024-02-09,5219,104,Home,Mumbai,5,4036.59,20182.95,Credit Card
10028,2023-02-18,5040,120,Home,Chennai,3,446.56,1339.68,Credit Card
10029,2024-03-02,5005,136,Electronics,Hyderabad,5,1336.55,6682.75,Credit Card
10030,2024-08-06,5261,103,Sports,Mumbai,4,940.43,3761.72,Debit Card
10031,2023-04-12,5222,138,Clothing,Bengaluru,2,2909.58,5819.16,UPI
10032,2024-11-12,5256,102,Home,Hyderabad,4,1550.76,6203.04,Cash
10033,2023-10-16,5168,137,Clothing,Delhi,1,869.13,869.13,Cash
10034,2023-08-07,5195,136,Home,Chennai,3,3404.83,10214.49,Net Banking
10035,2024-05-11,5021,106,Clothing,Mumbai,5,1249.74,6248.7,Credit Card
10036,2024-07-05,5171,139,Books,Delhi,2,1413.25,2826.5,Debit Card
10037,2023-12-13,5121,139,Sports,Mumbai,3,658.17,1974.51,Net Banking
10038,2024-07-18,5209,105,Sports,Mumbai,1,1671.56,1671.56,Credit Card
10039,2023-12-16,5194,105,Books,Hyderabad,1,3114.41,3114.41,Credit Card
10040,2024-08-02,5187,119,Books,Hyderabad,1,4766.01,4766.01,UPI
10041,2024-04-13,5024,119,Electronics,Hyderabad,3,627.88,1883.64,UPI
10042,2023-04-04,5021,113,Clothing,Hyderabad,4,664.0,2656.0,Cash
10043,2023-06-15,5124,111,Electronics,Bengaluru,1,2309.45,2309.45,Cash
10044,2024-07-09,5245,121,Electronics,Mumbai,3,2796.02,8388.06,Debit Card
10045,2023-02-10,5152,147,Books,Delhi,1,151.48,151.48,Cash
10046,2024-02-05,5033,121,Books,Bengaluru,3,2052.92,6158.76,UPI
10047,2023-09-14,5278,145,Sports,Chennai,2,3947.16,7894.32,Debit Card
10048,2023-09-23,5158,113,Clothing,Delhi,2,2753.85,5507.7,UPI
10049,2023-10-15,5230,106,Books,Chennai,1,4918.55,4918.55,Debit Card
10050,2023-08-21,5022,121,Clothing,Delhi,4,4836.33,19345.32,Net Banking
10051,2023-11-07,5279,140,Books,Hyderabad,2,1738.23,3476.46,UPI
10052,2023-09-08,5125,126,Electronics,Delhi,2,199.83,399.66,Net Banking
10053,2023-03-14,5006,119,Home,Bengaluru,1,205.42,205.42,Cash
10054,2023-06-07,5168,105,Books,Chennai,1,2557.0,2557.0,Credit Card
10055,2023-07-03,5164,120,Electronics,Chennai,2,4925.99,9851.98,Net Banking
10056,2024-09-08,5106,110,Books,Chennai,3,718.87,2156.61,UPI
10057,2023-11-20,5284,148,Clothing,Mumbai,5,4038.9,20194.5,Debit Card
10058,2024-03-19,5127,117,Electronics,Chennai,5,873.7,4368.5,Cash
10059,2024-03-16,5225,135,Sports,Pune,5,1326.08,6630.4,Cash
10060,2023-12-13,5013,142,Sports,Hyderabad,2,1364.05,2728.1,UPI
10061,2023-03-05,5065,109,Home,Delhi,3,2942.35,8827.05,Cash
10062,2024-07-31,5046,115,Sports,Pune,4,943.65,3774.6,Credit Card
10063,2024-06-25,5225,144,Clothing,Mumbai,3,2554.41,7663.23,Debit Card
10064,2024-05-21,5212,122,Books,Hyderabad,4,4787.04,19148.16,Debit Card
10065,2024-10-23,5037,149,Books,Chennai,2,336.17,672.34,Debit Card
10066,2023-06-13,5105,120,Home,Chennai,5,3853.54,19267.7,Debit Card
10067,2024-07-19,5238,139,Electronics,Pune,3,909.38,2728.14,Net Banking
10068,2024-06-10,5080,117,Sports,Mumbai,5,1948.27,9741.35,Net Banking
10069,2023-02-23,5179,125,Books,Mumbai,4,3440.02,13760.08,Net Banking
10070,2023-02-11,5131,141,Electronics,Delhi,5,4907.98,24539.9,UPI
10071,2023-05-23,5042,129,Clothing,Bengaluru,5,4225.46,21127.3,Cash
10072,2024-02-11,5225,109,Books,Bengaluru,2,4559.41,9118.82,Credit Card
10073,2023-05-03,5210,108,Home,Delhi,4,3043.33,12173.32,Credit Card
10074,2024-01-23,5098,134,Sports,Hyderabad,5,119.64,598.2,UPI
10075,2023-02-01,5134,114,Clothing,Delhi,5,1286.97,6434.85,Credit Card
10076,2024-07-09,5300,149,Home,Chennai,2,1438.81,2877.62,Cash
10077,2023-06-22,5216,108,Clothing,Hyderabad,5,1849.08,9245.4,Cash
10078,2023-07-29,5013,108,Books,Chennai,3,4071.75,12215.25,UPI
10079,2024-07-12,5070,105,Books,Delhi,3,4828.23,14484.69,Net Banking
10080,2023-11-15,5183,149,Books,Delhi,4,2564.86,10259.44,UPI
10081,2023-05-07,5180,120,Books,Bengaluru,4,3618.04,14472.16,Debit Card
10082,2024-11-30,5194,125,Clothing,Hyderabad,5,2512.27,12561.35,UPI
10083,2023-10-12,5262,113,Sports,Hyderabad,5,3639.21,18196.05,Net Banking
10084,2024-02-23,5231,140,Books,Mumbai,3,3544.17,10632.51,Debit Card
10085,2024-06-22,5297,128,Sports,Delhi,1,3424.89,3424.89,Net Banking
10086,2024-08-21,5127,141,Home,Chennai,1,2514.24,2514.24,UPI
10087,2024-02-21,5204,118,Clothing,Pune,2,3205.29,6410.58,Net Banking
10088,2023-01-11,5211,144,Books,Delhi,3,4572.03,13716.09,Credit Card
10089,2024-04-18,5240,133,Electronics,Delhi,3,2474.26,7422.78,Net Banking
10090,2023-04-11,5182,105,Sports,Pune,5,2170.73,10853.65,Credit Card
10091,2024-06-03,5206,141,Home,Hyderabad,2,3483.19,6966.38,Debit Card
10092,2023-08-02,5171,118,Electronics,Pune,5,1117.77,5588.85,Net Banking
10093,2024-11-05,5286,148,Electronics,Mumbai,3,2392.89,7178.67,Debit Card
10094,2024-10-30,5119,126,Books,Bengaluru,5,1421.83,7109.15,Credit Card
10095,2024-05-10,5169,146,Clothing,Delhi,3,4346.92,13040.76,Net Banking
10096,2024-12-24,5016,140,Sports,Delhi,2,4234.58,8469.16,Cash
10097,2023-09-12,5085,138,Sports,Hyderabad,3,1030.51,3091.53,Credit Card
10098,2024-09-12,5084,109,Clothing,Chennai,3,2351.02,7053.06,Cash
10099,2024-01-05,5124,108,Clothing,Chennai,3,3781.74,11345.22,Debit Card
10100,2023-03-11,5165,132,Electronics,Mumbai,1,1215.34,1215.34,UPI
10101,2023-02-26,5111,144,Electronics,Bengaluru,5,214.09,1070.45,Net Banking
10102,2024-09-19,5141,108,Books,Chennai,4,1777.97,7111.88,Credit Card
10103,2023-04-08,5254,129,Sports,Mumbai,2,2058.56,4117.12,Credit Card
10104,2023-08-30,5297,125,Clothing,Bengaluru,3,2366.62,7099.86,Debit Card
10105,2023-12-05,5110,106,Electronics,Pune,4,3008.73,12034.92,UPI
10106,2024-05-06,5298,119,Clothing,Bengaluru,3,4455.27,13365.81,Credit Card
10107,2024-10-23,5016,101,Sports,Mumbai,2,3989.29,7978.58,Net Banking
10108,2023-02-28,5067,106,Sports,Chennai,5,1959.5,9797.5,Debit Card
10109,2023-01-15,5269,109,Electronics,Delhi,1,2731.2,2731.2,UPI
10110,2024-03-18,5256,141,Clothing,Chennai,1,1031.54,1031.54,Debit Card
10111,2024-12-04,5200,122,Home,Delhi,2,3348.78,6697.56,Credit Card
10112,2023-09-09,5090,123,Sports,Hyderabad,1,2980.83,2980.83,Net Banking
10113,2024-10-15,5181,136,Sports,Hyderabad,5,4848.8,24244.0,Credit Card
10114,2024-12-29,5036,146,Home,Chennai,5,2178.19,10890.95,Net Banking
10115,2023-03-16,5050,110,Electronics,Mumbai,3,970.13,2910.39,Cash
10116,2023-02-15,5263,131,Books,Delhi,1,3221.9,3221.9,UPI
10117,2023-11-17,5017,129,Clothing,Bengaluru,1,720.47,720.47,Cash
10118,2023-01-26,5129,121,Electronics,Delhi,5,1422.95,7114.75,UPI
10119,2024-01-29,5161,148,Clothing,Delhi,1,3689.77,3689.77,Cash
10120,2023-04-30,5126,133,Books,Mumbai,3,560.89,1682.67,Debit Card
10121,2023-12-13,5300,131,Electronics,Mumbai,5,3939.74,19698.7,Cash
10122,2024-06-20,5298,145,Books,Hyderabad,5,3624.97,18124.85,UPI
10123,2023-10-26,5200,134,Home,Pune,2,1079.87,2159.74,Cash
10124,2023-12-20,5023,120,Books,Delhi,2,2917.04,5834.08,Cash
10125,2023-11-02,5167,148,Books,Hyderabad,3,1827.82,5483.46,UPI
10126,2024-06-22,5167,121,Books,Pune,1,828.91,828.91,Cash
10127,2023-10-14,5187,148,Sports,Pune,4,2325.3,9301.2,Net Banking
10128,2023-02-27,5252,137,Home,Mumbai,2,338.76,677.52,Net Banking
10129,2023-12-13,5190,126,Home,Bengaluru,3,4953.96,14861.88,Net Banking
10130,2023-12-15,5015,110,Home,Chennai,5,2586.96,12934.8,Credit Card
10131,2024-07-30,5095,150,Sports,Chennai,2,4543.35,9086.7,Net Banking
10132,2023-02-21,5137,146,Electronics,Mumbai,1,4895.12,4895.12,Debit Card
10133,2023-03-10,5041,105,Clothing,Chennai,5,2679.25,13396.25,Credit Card
10134,2024-06-07,5189,132,Home,Mumbai,4,207.06,828.24,Credit Card
10135,2024-09-04,5121,128,Sports,Chennai,4,4340.92,17363.68,Debit Card
10136,2024-07-11,5038,117,Sports,Mumbai,2,4010.99,8021.98,UPI
10137,2024-06-28,5250,105,Sports,Hyderabad,4,2619.99,10479.96,Net Banking
10138,2024-08-15,5181,130,Electronics,Mumbai,5,2185.43,10927.15,Debit Card
10139,2024-12-13,5155,133,Home,Hyderabad,1,2749.78,2749.78,Net Banking
10140,2024-07-18,5278,134,Sports,Hyderabad,3,2675.57,8026.71,Net Banking
10141,2023-11-12,5260,129,Books,Mumbai,4,1579.36,6317.44,Net Banking
10142,2023-06-16,5218,148,Books,Pune,3,3219.66,9658.98,Debit Card
10143,2024-03-06,5010,106,Electronics,Pune,4,1479.62,5918.48,Cash
10144,2023-10-03,5191,141,Sports,Delhi,4,1432.59,5730.36,Cash
10145,2024-04-12,5075,127,Clothing,Pune,1,2470.25,2470.25,Credit Card
10146,2023-09-24,5148,127,Home,Hyderabad,3,4303.63,12910.89,Debit Card
10147,2024-03-06,5249,114,Sports,Bengaluru,3,2224.16,6672.48,Cash
10148,2023-04-04,5077,115,Electronics,Pune,1,734.4,734.4,Debit Card
10149,2023-06-09,5051,126,Clothing,Pune,4,3896.05,15584.2,UPI
10150,2024-03-13,5027,136,Clothing,Hyderabad,5,4778.6,23893.0,Cash
10151,2023-12-22,5053,148,Books,Chennai,1,4735.92,4735.92,Cash
10152,2024-11-18,5143,112,Sports,Chennai,1,4976.12,4976.12,UPI
10153,2023-08-08,5064,143,Sports,Delhi,1,4345.35,4345.35,Net Banking
10154,2024-05-24,5246,107,Clothing,Bengaluru,4,669.17,2676.68,Net Banking
10155,2024-12-20,5132,127,Books,Delhi,2,918.9,1837.8,Cash
10156,2024-10-10,5173,132,Electronics,Pune,5,4573.9,22869.5,Debit Card
10157,2024-12-26,5226,120,Electronics,Mumbai,3,376.55,1129.65,Net Banking
10158,2023-10-09,5211,110,Clothing,Delhi,3,3560.68,10682.04,Credit Card
10159,2024-02-22,5030,135,Books,Hyderabad,5,3187.13,15935.65,Credit Card
10160,2024-02-28,5157,118,Sports,Mumbai,3,1470.98,4412.94,Cash
10161,2024-01-12,5174,112,Books,Mumbai,5,2405.69,12028.45,Net Banking
10162,2024-12-11,5030,133,Home,Hyderabad,4,2720.34,10881.36,Credit Card
10163,2024-10-22,5253,131,Home,Pune,2,1645.3,3290.6,Credit Card
10164,2023-05-24,5276,145,Electronics,Hyderabad,3,1202.64,3607.92,Credit Card
10165,2024-12-02,5103,133,Books,Chennai,1,1208.62,1208.62,Debit Card
10166,2024-03-08,5011,120,Books,Mumbai,3,120.76,362.28,UPI
10167,2023-08-18,5175,118,Books,Chennai,3,3435.38,10306.14,Net Banking
10168,2024-01-24,5178,109,Electronics,Delhi,1,696.12,696.12,Credit Card
10169,2024-11-28,5040,106,Electronics,Delhi,5,301.01,1505.05,Debit Card
10170,2023-09-12,5186,102,Electronics,Mumbai,3,2695.17,8085.51,Cash
10171,2024-01-16,5169,118,Electronics,Hyderabad,2,559.92,1119.84,Debit Card
10172,2023-04-25,5065,139,Home,Bengaluru,3,4624.33,13872.99,UPI
10173,2024-11-26,5271,131,Books,Bengaluru,5,3141.12,15705.6,Net Banking
10174,2024-02-08,5155,136,Clothing,Pune,3,4501.76,13505.28,Net Banking
10175,2024-06-04,5111,128,Home,Hyderabad,1,958.22,958.22,UPI
10176,2023-09-14,5272,117,Sports,Mumbai,5,1427.58,7137.9,Cash
10177,2024-12-26,5036,142,Books,Delhi,1,3750.09,3750.09,Net Banking
10178,2024-07-22,5016,140,Home,Bengaluru,5,3454.49,17272.45,Credit Card
10179,2023-06-09,5073,144,Clothing,Bengaluru,1,4576.02,4576.02,Debit Card
10180,2024-01-09,5196,129,Sports,Pune,3,882.86,2648.58,Net Banking
10181,2023-05-29,5005,135,Electronics,Chennai,3,1546.93,4640.79,Credit Card
10182,2024-01-24,5052,130,Electronics,Bengaluru,5,4717.23,23586.15,Net Banking
10183,2024-11-26,5190,127,Sports,Hyderabad,4,1452.71,5810.84,Cash
10184,2023-02-24,5020,142,Electronics,Pune,1,2406.74,2406.74,UPI
10185,2024-08-24,5183,136,Home,Hyderabad,2,2699.18,5398.36,Debit Card
10186,2024-04-30,5123,107,Books,Delhi,2,4644.92,9289.84,Credit Card
10187,2023-04-30,5161,128,Home,Delhi,1,4590.07,4590.07,UPI
10188,2024-09-23,5184,119,Home,Bengaluru,4,2133.18,8532.72,Credit Card
10189,2024-10-12,5029,122,Electronics,Hyderabad,5,2643.08,13215.4,Credit Card
10190,2024-07-10,5063,138,Electronics,Bengaluru,4,4482.64,17930.56,Credit Card
10191,2024-01-28,5117,107,Clothing,Delhi,2,2046.5,4093.0,Debit Card
10192,2024-11-03,5237,148,Sports,Delhi,2,3944.17,7888.34,Cash
10193,2024-10-29,5205,135,Electronics,Hyderabad,2,2216.76,4433.52,Cash
10194,2023-09-30,5193,127,Electronics,Pune,2,834.42,1668.84,UPI
10195,2023-07-07,5258,119,Clothing,Mumbai,4,3853.78,15415.12,Net Banking
10196,2023-04-19,5204,141,Clothing,Hyderabad,3,192.06,576.18,Cash
10197,2023-01-06,5217,111,Clothing,Delhi,5,4038.93,20194.65,Credit Card
10198,2023-03-19,5083,112,Sports,Hyderabad,5,4683.6,23418.0,UPI
10199,2024-06-09,5021,134,Clothing,Chennai,2,2194.38,4388.76,Net Banking
10200,2024-12-08,5275,105,Clothing,Bengaluru,5,3302.43,16512.15,Cash
10201,2023-05-02,5199,106,Books,Pune,5,3255.05,16275.25,Cash
10202,2023-02-16,5007,102,Home,Bengaluru,5,1272.05,6360.25,Debit Card
10203,2024-03-01,5288,146,Home,Hyderabad,2,3015.34,6030.68,Cash
10204,2024-05-28,5203,145,Sports,Mumbai,4,2813.72,11254.88,Cash
10205,2023-10-13,5133,137,Home,Mumbai,3,4648.1,13944.3,Net Banking
10206,2023-03-27,5074,117,Home,Delhi,3,1746.96,5240.88,Debit Card
10207,2024-01-29,5007,110,Clothing,Delhi,3,2870.8,8612.4,Credit Card
10208,2023-07-21,5276,140,Clothing,Hyderabad,1,4028.33,4028.33,Cash
10209,2023-09-03,5236,126,Clothing,Pune,5,782.05,3910.25,UPI
10210,2023-06-06,5208,125,Sports,Chennai,1,248.28,248.28,Credit Card
10211,2024-08-28,5276,135,Electronics,Mumbai,5,732.96,3664.8,Cash
10212,2023-05-23,5204,123,Clothing,Mumbai,3,1091.82,3275.46,Debit Card
10213,2024-12-27,5275,119,Electronics,Hyderabad,2,1803.83,3607.66,Debit Card
10214,2023-08-02,5053,140,Home,Bengaluru,4,207.32,829.28,Debit Card
10215,2024-09-25,5162,111,Clothing,Chennai,1,355.12,355.12,UPI
10216,2023-04-26,5126,148,Clothing,Hyderabad,4,3203.8,12815.2,Net Banking
10217,2024-02-11,5109,125,Books,Mumbai,1,4569.49,4569.49,Net Banking
10218,2023-09-18,5104,149,Books,Bengaluru,1,3616.78,3616.78,Cash
10219,2024-07-12,5020,141,Clothing,Chennai,5,1230.27,6151.35,Net Banking
10220,2024-05-29,5141,150,Sports,Bengaluru,2,4290.9,8581.8,Debit Card
10221,2024-05-20,5067,112,Books,Pune,1,3379.5,3379.5,Cash
10222,2023-02-15,5276,122,Clothing,Pune,4,1150.26,4601.04,UPI
10223,2024-11-25,5227,113,Clothing,Hyderabad,1,4247.38,4247.38,Net Banking
10224,2023-07-14,5185,113,Clothing,Delhi,5,1985.54,9927.7,Net Banking
10225,2023-03-08,5235,103,Books,Mumbai,3,4538.8,13616.4,Credit Card
10226,2023-10-20,5257,105,Books,Bengaluru,4,310.97,1243.88,UPI
10227,2024-02-14,5155,126,Home,Delhi,5,4226.12,21130.6,Cash
10228,2023-02-20,5245,102,Sports,Delhi,5,4743.49,23717.45,Net Banking
10229,2023-11-21,5285,118,Electronics,Hyderabad,2,3021.03,6042.06,Debit Card
10230,2024-03-01,5013,137,Books,Pune,4,4993.91,19975.64,UPI
10231,2024-08-10,5171,122,Home,Hyderabad,5,170.47,852.35,UPI
10232,2024-10-14,5249,141,Electronics,Hyderabad,3,2955.36,8866.08,Cash
10233,2023-12-09,5279,101,Clothing,Delhi,5,4603.61,23018.05,Debit Card
10234,2023-08-08,5076,138,Electronics,Bengaluru,2,4490.45,8980.9,Debit Card
10235,2024-06-04,5175,117,Books,Delhi,4,4125.26,16501.04,UPI
10236,2024-12-29,5127,117,Sports,Hyderabad,1,3860.99,3860.99,Debit Card
10237,2024-08-10,5088,118,Sports,Pune,5,509.05,2545.25,Credit Card
10238,2023-10-17,5135,116,Clothing,Pune,5,3658.12,18290.6,Debit Card
10239,2024-05-06,5155,114,Books,Pune,1,3713.99,3713.99,Net Banking
10240,2023-11-20,5265,109,Electronics,Bengaluru,3,4636.35,13909.05,Debit Card
10241,2023-02-08,5214,148,Clothing,Hyderabad,1,4947.49,4947.49,UPI
10242,2024-12-24,5270,128,Clothing,Mumbai,5,3540.11,17700.55,Credit Card
10243,2023-04-28,5260,108,Home,Bengaluru,5,737.22,3686.1,Credit Card
10244,2023-02-26,5172,140,Home,Mumbai,3,4815.68,14447.04,UPI
10245,2023-01-15,5130,136,Electronics,Pune,4,258.1,1032.4,Credit Card
10246,2023-03-28,5018,134,Clothing,Mumbai,5,4103.72,20518.6,Cash
10247,2023-10-23,5191,121,Sports,Chennai,2,2503.37,5006.74,UPI
10248,2023-07-19,5153,138,Sports,Hyderabad,5,989.36,4946.8,Cash
10249,2024-01-08,5054,143,Books,Chennai,1,2487.97,2487.97,Net Banking
10250,2024-03-18,5038,142,Sports,Mumbai,5,1783.65,8918.25,Net Banking
10251,2024-05-21,5282,133,Sports,Hyderabad,5,2861.71,14308.55,Net Banking
10252,2024-04-05,5138,144,Books,Delhi,5,2408.76,12043.8,Net Banking
10253,2024-02-10,5131,120,Electronics,Hyderabad,5,2744.58,13722.9,UPI
10254,2024-04-13,5119,133,Sports,Mumbai,4,4470.34,17881.36,Cash
10255,2023-12-10,5224,104,Electronics,Delhi,2,1981.09,3962.18,UPI
10256,2023-09-19,5157,125,Electronics,Delhi,5,3736.03,18680.15,Debit Card
10257,2023-11-13,5026,114,Electronics,Delhi,5,4402.01,22010.05,UPI
10258,2024-11-18,5151,127,Books,Delhi,1,728.99,728.99,Credit Card
10259,2023-01-28,5259,148,Books,Chennai,2,3802.09,7604.18,Debit Card
10260,2023-11-06,5270,130,Electronics,Mumbai,3,1952.28,5856.84,Cash
10261,2023-08-26,5124,141,Clothing,Mumbai,5,306.89,1534.45,Cash
10262,2024-01-24,5154,148,Home,Pune,2,3147.18,6294.36,Debit Card
10263,2024-03-30,5075,102,Home,Bengaluru,4,937.29,3749.16,Net Banking
10264,2023-12-17,5058,138,Home,Hyderabad,5,2499.5,12497.5,Debit Card
10265,2024-03-15,5045,141,Sports,Pune,1,4225.74,4225.74,Net Banking
10266,2023-08-14,5136,128,Home,Mumbai,5,3764.74,18823.7,UPI
10267,2023-04-15,5262,111,Clothing,Delhi,5,2624.62,13123.1,UPI
10268,2023-03-11,5032,128,Electronics,Pune,2,115.54,231.08,UPI
10269,2023-01-10,5171,102,Books,Pune,1,2735.94,2735.94,Net Banking
10270,2023-08-05,5152,138,Books,Hyderabad,4,1080.54,4322.16,Debit Card
10271,2023-08-28,5031,116,Books,Chennai,2,1132.67,2265.34,Cash
10272,2023-02-06,5062,102,Books,Mumbai,3,1700.76,5102.28,Net Banking
10273,2024-10-17,5112,115,Clothing,Delhi,1,3831.29,3831.29,UPI
10274,2023-03-02,5075,105,Sports,Mumbai,3,4402.45,13207.35,Credit Card
10275,2023-02-14,5030,138,Electronics,Bengaluru,3,4812.74,14438.22,Credit Card
10276,2023-08-22,5104,104,Electronics,Pune,2,684.05,1368.1,Credit Card
10277,2023-10-20,5128,147,Electronics,Chennai,3,2683.32,8049.96,Debit Card
10278,2023-07-19,5233,149,Books,Bengaluru,3,1814.63,5443.89,Cash
10279,2023-04-02,5251,122,Clothing,Hyderabad,4,4665.5,18662.0,UPI
10280,2023-09-03,5224,118,Books,Delhi,1,3887.29,3887.29,Debit Card
10281,2024-01-15,5181,121,Sports,Bengaluru,4,2336.08,9344.32,Net Banking
10282,2023-01-18,5087,120,Books,Mumbai,3,723.99,2171.97,Net Banking
10283,2024-12-29,5078,109,Clothing,Pune,2,917.96,1835.92,Net Banking
10284,2023-09-17,5162,111,Home,Bengaluru,2,1844.17,3688.34,Debit Card
10285,2023-03-21,5181,129,Electronics,Mumbai,4,854.69,3418.76,Debit Card
10286,2023-03-12,5018,103,Clothing,Chennai,2,2449.95,4899.9,Debit Card
10287,2024-01-10,5182,133,Home,Delhi,5,4678.53,23392.65,UPI
10288,2023-07-09,5139,140,Clothing,Pune,4,259.89,1039.56,Credit Card
10289,2023-11-08,5126,124,Electronics,Mumbai,3,2860.34,8581.02,Debit Card
10290,2024-12-15,5050,109,Clothing,Delhi,5,133.45,667.25,Net Banking
10291,2023-09-30,5039,120,Books,Hyderabad,2,895.62,1791.24,Net Banking
10292,2024-07-06,5278,128,Sports,Hyderabad,5,4527.42,22637.1,Net Banking
10293,2024-05-01,5183,113,Sports,Pune,2,2611.01,5222.02,Debit Card
10294,2023-07-30,5069,150,Clothing,Pune,2,3838.68,7677.36,Credit Card
10295,2024-05-12,5185,106,Books,Mumbai,3,1001.34,3004.02,Credit Card
10296,2023-03-31,5101,139,Home,Mumbai,4,3254.73,13018.92,Net Banking
10297,2024-12-08,5246,136,Electronics,Pune,1,1166.1,1166.1,Debit Card
10298,2024-05-26,5250,105,Books,Delhi,5,1812.57,9062.85,Net Banking
10299,2024-11-16,5294,106,Sports,Delhi,3,3065.01,9195.03,Cash
10300,2023-03-15,5166,102,Clothing,Delhi,3,408.36,1225.08,Credit Card
10301,2023-11-17,5130,120,Sports,Bengaluru,3,4187.56,12562.68,UPI
10302,2023-10-29,5025,108,Sports,Bengaluru,2,3205.15,6410.3,Net Banking
10303,2023-08-11,5290,132,Books,Delhi,3,1846.66,5539.98,Net Banking
10304,2023-09-20,5181,107,Sports,Delhi,2,1681.05,3362.1,Net Banking
10305,2024-08-03,5231,110,Sports,Chennai,2,2039.6,4079.2,Credit Card
10306,2023-02-08,5037,103,Books,Hyderabad,2,487.06,974.12,Cash
10307,2024-08-06,5267,111,Books,Chennai,4,3528.0,14112.0,Cash
10308,2024-02-12,5288,148,Sports,Mumbai,1,1991.44,1991.44,Net Banking
10309,2024-08-25,5189,123,Sports,Mumbai,3,352.75,1058.25,Net Banking
10310,2023-11-07,5183,113,Clothing,Mumbai,1,2265.12,2265.12,Cash
10311,2023-02-16,5089,137,Sports,Bengaluru,3,2879.96,8639.88,UPI
10312,2024-08-12,5031,129,Clothing,Hyderabad,2,4433.73,8867.46,Credit Card
10313,2024-02-14,5135,109,Clothing,Delhi,4,704.37,2817.48,Credit Card
10314,2023-07-04,5120,136,Sports,Bengaluru,5,2698.28,13491.4,Cash
10315,2024-06-06,5267,140,Books,Delhi,5,1624.36,8121.8,Net Banking
10316,2023-07-31,5004,122,Electronics,Bengaluru,3,3400.04,10200.12,Cash
10317,2024-11-01,5226,129,Books,Bengaluru,5,3699.54,18497.7,Debit Card
10318,2023-07-31,5055,107,Books,Bengaluru,1,517.34,517.34,Credit Card
10319,2024-03-30,5230,134,Books,Pune,4,991.74,3966.96,Net Banking
10320,2023-07-18,5200,119,Home,Mumbai,5,2304.84,11524.2,Net Banking
10321,2023-10-07,5015,136,Electronics,Chennai,2,4399.6,8799.2,UPI
10322,2024-07-17,5164,129,Home,Chennai,2,2283.73,4567.46,UPI
10323,2024-02-02,5143,127,Sports,Delhi,1,3761.1,3761.1,Net Banking
10324,2023-04-09,5219,140,Sports,Hyderabad,2,2066.14,4132.28,Credit Card
10325,2023-11-24,5071,140,Clothing,Mumbai,2,1814.75,3629.5,Credit Card
10326,2024-04-09,5053,128,Electronics,Bengaluru,2,606.67,1213.34,Credit Card
10327,2024-01-19,5144,126,Electronics,Bengaluru,5,1676.06,8380.3,Cash
10328,2024-04-01,5156,142,Books,Bengaluru,3,3729.91,11189.73,Debit Card
10329,2023-10-24,5093,129,Clothing,Bengaluru,2,591.57,1183.14,UPI
10330,2024-07-05,5162,132,Books,Chennai,1,2727.08,2727.08,Debit Card
10331,2024-08-18,5237,121,Sports,Chennai,3,2855.58,8566.74,Cash
10332,2024-07-03,5275,113,Books,Mumbai,2,913.81,1827.62,UPI
10333,2023-11-25,5169,127,Electronics,Delhi,5,3822.66,19113.3,Debit Card
10334,2024-01-06,5210,114,Home,Mumbai,5,3016.87,15084.35,Debit Card
10335,2024-02-11,5090,101,Sports,Chennai,4,3382.13,13528.52,Debit Card
10336,2024-09-10,5114,115,Electronics,Hyderabad,5,4215.04,21075.2,Debit Card
10337,2024-01-29,5151,107,Sports,Pune,2,3582.69,7165.38,Debit Card
10338,2023-04-06,5058,135,Clothing,Delhi,4,4764.76,19059.04,Credit Card
10339,2024-01-20,5268,118,Clothing,Mumbai,4,1695.18,6780.72,Credit Card
10340,2023-06-18,5076,108,Sports,Hyderabad,5,886.55,4432.75,Net Banking
10341,2023-05-14,5171,139,Home,Hyderabad,4,755.62,3022.48,Credit Card
10342,2023-01-22,5116,116,Sports,Hyderabad,3,3917.93,11753.79,Cash
10343,2023-02-05,5241,137,Clothing,Mumbai,1,754.49,754.49,Debit Card
10344,2024-12-26,5179,105,Sports,Bengaluru,2,1472.23,2944.46,UPI
10345,2024-06-25,5124,114,Electronics,Chennai,4,4447.4,17789.6,Debit Card
10346,2023-02-13,5097,105,Electronics,Pune,3,4116.46,12349.38,Cash
10347,2023-12-06,5296,134,Sports,Chennai,1,2282.39,2282.39,Debit Card
10348,2023-05-27,5179,149,Sports,Bengaluru,4,1920.16,7680.64,Cash
10349,2024-01-12,5101,105,Clothing,Mumbai,5,4622.06,23110.3,Credit Card
10350,2023-01-22,5234,140,Sports,Hyderabad,2,3380.36,6760.72,UPI
10351,2023-02-25,5270,101,Electronics,Bengaluru,2,4093.87,8187.74,Debit Card
10352,2024-03-01,5192,127,Home,Hyderabad,2,4312.96,8625.92,UPI
10353,2024-06-02,5268,124,Books,Pune,4,733.21,2932.84,Debit Card
10354,2023-05-01,5064,128,Clothing,Pune,2,3214.8,6429.6,Debit Card
10355,2023-05-14,5242,141,Electronics,Bengaluru,2,1512.25,3024.5,UPI
10356,2024-08-26,5279,139,Books,Pune,4,550.1,2200.4,Credit Card
10357,2024-07-05,5279,127,Clothing,Hyderabad,4,3251.52,13006.08,Cash
10358,2024-05-04,5035,114,Books,Hyderabad,3,2245.54,6736.62,Debit Card
10359,2023-04-17,5101,108,Books,Pune,1,1839.08,1839.08,UPI
10360,2024-06-08,5121,106,Home,Bengaluru,4,4564.84,18259.36,Net Banking
10361,2023-03-05,5153,126,Electronics,Chennai,5,2202.19,11010.95,Net Banking
10362,2023-01-30,5245,129,Clothing,Delhi,3,4553.71,13661.13,Debit Card
10363,2024-05-04,5138,133,Clothing,Chennai,4,2716.68,10866.72,Cash
10364,2024-04-11,5094,121,Books,Chennai,3,2967.33,8901.99,Cash
10365,2024-11-13,5287,139,Sports,Bengaluru,4,4944.45,19777.8,Credit Card
10366,2023-11-10,5076,132,Electronics,Delhi,1,409.52,409.52,Debit Card
10367,2023-11-13,5071,107,Books,Mumbai,5,4408.4,22042.0,Cash
10368,2023-02-08,5292,121,Books,Delhi,4,2401.35,9605.4,Credit Card
10369,2024-12-29,5138,140,Electronics,Bengaluru,1,2734.89,2734.89,Debit Card
10370,2023-01-13,5257,145,Electronics,Hyderabad,3,3651.86,10955.58,Cash
10371,2023-04-25,5294,129,Electronics,Hyderabad,1,3457.68,3457.68,Cash
10372,2024-06-26,5023,113,Clothing,Pune,3,2986.22,8958.66,Net Banking
10373,2023-04-30,5272,120,Clothing,Mumbai,1,674.73,674.73,Net Banking
10374,2023-06-03,5046,133,Home,Chennai,2,4341.47,8682.94,Net Banking
10375,2024-03-21,5147,137,Clothing,Pune,3,3111.18,9333.54,Net Banking
10376,2023-09-29,5012,128,Books,Delhi,1,4672.18,4672.18,Cash
10377,2024-03-08,5035,112,Clothing,Chennai,4,4218.5,16874.0,UPI
10378,2024-10-14,5213,123,Home,Hyderabad,4,4771.49,19085.96,Credit Card
10379,2023-07-03,5031,124,Electronics,Bengaluru,2,1224.35,2448.7,Debit Card
10380,2023-08-11,5267,125,Electronics,Bengaluru,2,1362.77,2725.54,Net Banking
10381,2023-01-02,5150,114,Clothing,Chennai,4,1629.71,6518.84,Cash
10382,2024-11-09,5196,130,Books,Pune,1,3958.78,3958.78,Credit Card
10383,2023-08-26,5152,145,Books,Bengaluru,4,3262.63,13050.52,Credit Card
10384,2024-06-12,5125,132,Books,Pune,3,581.95,1745.85,Credit Card
10385,2024-05-23,5222,126,Books,Bengaluru,3,3563.48,10690.44,UPI
10386,2024-10-02,5073,128,Clothing,Pune,4,4732.21,18928.84,Debit Card
10387,2024-02-02,5049,113,Books,Delhi,5,2207.24,11036.2,Cash
10388,2024-09-01,5055,121,Clothing,Hyderabad,4,1395.46,5581.84,Net Banking
10389,2023-09-23,5050,150,Home,Bengaluru,1,2851.47,2851.47,Debit Card
10390,2023-04-07,5044,127,Sports,Pune,3,781.08,2343.24,Cash
10391,2024-08-19,5287,126,Sports,Mumbai,2,3898.2,7796.4,Net Banking
10392,2023-01-29,5211,139,Electronics,Mumbai,4,4035.85,16143.4,UPI
10393,2024-04-10,5021,123,Electronics,Pune,1,1538.65,1538.65,UPI
10394,2023-02-16,5158,106,Books,Bengaluru,5,1602.85,8014.25,Net Banking
10395,2024-01-02,5088,141,Home,Hyderabad,3,4295.53,12886.59,Credit Card
10396,2023-12-02,5128,141,Clothing,Delhi,5,1240.11,6200.55,Debit Card
10397,2024-07-03,5003,143,Sports,Delhi,3,3598.46,10795.38,Credit Card
10398,2023-06-01,5044,117,Sports,Mumbai,2,4319.16,8638.32,Credit Card
10399,2023-06-18,5038,121,Sports,Chennai,5,4828.42,24142.1,Credit Card
10400,2023-06-12,5206,108,Home,Mumbai,1,2284.03,2284.03,Debit Card
10401,2024-06-07,5036,105,Clothing,Pune,4,1748.84,6995.36,Net Banking
10402,2024-04-19,5086,130,Sports,Hyderabad,5,2346.05,11730.25,UPI
10403,2023-07-16,5110,134,Books,Delhi,1,1292.61,1292.61,Debit Card
10404,2023-09-28,5025,102,Electronics,Chennai,3,1401.78,4205.34,Cash
10405,2023-02-13,5232,143,Home,Pune,2,476.87,953.74,Credit Card
10406,2024-11-20,5100,141,Clothing,Hyderabad,1,1046.03,1046.03,Net Banking
10407,2024-12-03,5015,136,Clothing,Bengaluru,1,2257.11,2257.11,Credit Card
10408,2024-06-28,5033,102,Clothing,Delhi,1,1197.46,1197.46,Net Banking
10409,2023-03-28,5100,126,Electronics,Hyderabad,5,2741.9,13709.5,Debit Card
10410,2023-12-27,5198,126,Books,Hyderabad,3,4935.23,14805.69,Net Banking
10411,2024-04-21,5246,137,Sports,Mumbai,3,533.69,1601.07,Net Banking
10412,2023-08-02,5027,121,Clothing,Mumbai,5,225.61,1128.05,Debit Card
10413,2024-02-11,5244,133,Electronics,Chennai,1,4413.29,4413.29,UPI
10414,2023-05-15,5200,135,Home,Hyderabad,5,2112.73,10563.65,UPI
10415,2023-08-11,5195,120,Books,Pune,2,1590.65,3181.3,Net Banking
10416,2023-10-01,5274,111,Clothing,Pune,2,2725.57,5451.14,Credit Card
10417,2024-05-06,5207,119,Electronics,Mumbai,2,357.82,715.64,UPI
10418,2023-02-10,5090,114,Books,Bengaluru,5,2207.43,11037.15,UPI
10419,2024-11-09,5033,109,Home,Hyderabad,4,4377.05,17508.2,Cash
10420,2024-05-20,5222,138,Clothing,Bengaluru,5,3336.32,16681.6,Debit Card
10421,2024-02-18,5290,115,Sports,Hyderabad,3,1992.71,5978.13,UPI
10422,2023-07-05,5177,105,Electronics,Bengaluru,5,3187.09,15935.45,Net Banking
10423,2024-05-20,5236,108,Clothing,Bengaluru,1,4893.24,4893.24,Debit Card
10424,2024-06-08,5019,118,Books,Hyderabad,1,4452.13,4452.13,Net Banking
10425,2023-12-10,5221,144,Home,Chennai,2,2901.98,5803.96,Cash
10426,2023-09-07,5015,133,Home,Pune,4,3774.43,15097.72,Debit Card
10427,2023-09-23,5167,141,Books,Chennai,1,2870.94,2870.94,Credit Card
10428,2023-08-13,5088,130,Home,Bengaluru,3,3726.43,11179.29,Cash
10429,2024-11-25,5053,137,Sports,Hyderabad,4,3356.49,13425.96,UPI
10430,2024-11-17,5143,103,Home,Delhi,1,390.11,390.11,Credit Card
10431,2024-07-04,5173,102,Sports,Delhi,4,3127.62,12510.48,Credit Card
10432,2023-08-20,5030,102,Sports,Hyderabad,3,3701.6,11104.8,Credit Card
10433,2024-02-08,5119,106,Sports,Pune,2,4967.59,9935.18,Credit Card
10434,2023-11-24,5270,111,Electronics,Bengaluru,1,2325.5,2325.5,Credit Card
10435,2023-09-21,5225,113,Electronics,Hyderabad,5,4859.17,24295.85,Cash
10436,2024-02-25,5140,129,Home,Hyderabad,4,2605.77,10423.08,UPI
10437,2023-03-22,5215,111,Sports,Mumbai,4,4177.61,16710.44,Net Banking
10438,2024-06-05,5089,118,Sports,Chennai,5,3670.3,18351.5,Cash
10439,2023-10-20,5234,126,Books,Bengaluru,3,4687.4,14062.2,Debit Card
10440,2023-09-03,5272,115,Home,Pune,3,2756.7,8270.1,UPI
10441,2023-09-27,5130,132,Electronics,Mumbai,4,886.22,3544.88,Cash
10442,2023-04-24,5197,104,Clothing,Pune,2,845.11,1690.22,UPI
10443,2024-04-24,5240,102,Electronics,Delhi,5,3674.77,18373.85,UPI
10444,2024-06-25,5107,123,Books,Bengaluru,4,4456.99,17827.96,UPI
10445,2023-12-13,5200,119,Electronics,Mumbai,3,4380.35,13141.05,Cash
10446,2024-07-28,5221,146,Sports,Hyderabad,3,4950.49,14851.47,Debit Card
10447,2023-07-11,5170,123,Sports,Pune,2,4299.34,8598.68,Net Banking
10448,2023-11-22,5091,110,Electronics,Hyderabad,5,4523.22,22616.1,Credit Card
10449,2024-05-03,5271,141,Clothing,Mumbai,2,1856.5,3713.0,Debit Card
10450,2023-06-25,5218,132,Home,Chennai,2,3269.03,6538.06,UPI
10451,2024-06-28,5128,110,Clothing,Bengaluru,1,219.39,219.39,Cash
10452,2024-06-06,5174,131,Home,Pune,5,1436.45,7182.25,Net Banking
10453,2024-09-17,5285,148,Sports,Mumbai,1,3907.11,3907.11,UPI
10454,2023-01-09,5143,113,Sports,Bengaluru,1,217.99,217.99,Net Banking
10455,2024-06-07,5136,136,Sports,Pune,3,3521.13,10563.39,Cash
10456,2024-04-19,5161,109,Books,Pune,2,448.77,897.54,Cash
10457,2024-10-14,5009,145,Books,Bengaluru,1,1523.01,1523.01,Debit Card
10458,2024-08-21,5162,147,Sports,Chennai,1,3833.98,3833.98,UPI
10459,2024-08-20,5050,128,Sports,Chennai,4,4286.07,17144.28,UPI
10460,2024-08-02,5286,139,Sports,Delhi,1,156.39,156.39,Credit Card
10461,2024-02-19,5147,134,Books,Bengaluru,1,801.52,801.52,Credit Card
10462,2024-08-06,5299,139,Home,Chennai,4,3643.05,14572.2,UPI
10463,2024-02-05,5211,110,Home,Mumbai,5,4707.25,23536.25,Cash
10464,2024-02-07,5285,143,Clothing,Hyderabad,5,4936.07,24680.35,UPI
10465,2024-09-11,5202,117,Sports,Bengaluru,5,4778.17,23890.85,UPI
10466,2024-10-03,5138,125,Home,Pune,3,881.98,2645.94,Debit Card
10467,2023-01-10,5055,130,Clothing,Bengaluru,1,4184.32,4184.32,Credit Card
10468,2023-09-01,5056,107,Electronics,Hyderabad,1,1201.69,1201.69,UPI
10469,2023-02-14,5178,108,Electronics,Bengaluru,3,2133.22,6399.66,Net Banking
10470,2024-10-01,5294,132,Clothing,Delhi,2,880.24,1760.48,Net Banking
10471,2024-02-12,5290,143,Clothing,Delhi,5,3977.76,19888.8,Net Banking
10472,2023-03-14,5295,120,Electronics,Bengaluru,1,4785.39,4785.39,UPI
10473,2023-01-01,5281,120,Books,Hyderabad,1,3736.46,3736.46,Debit Card
10474,2024-04-14,5115,120,Clothing,Hyderabad,4,674.45,2697.8,Net Banking
10475,2023-01-25,5229,107,Sports,Chennai,3,4371.91,13115.73,Credit Card
10476,2023-10-09,5109,122,Books,Mumbai,1,1928.83,1928.83,Net Banking
10477,2023-08-17,5248,123,Clothing,Bengaluru,5,136.43,682.15,Debit Card
10478,2024-03-13,5129,104,Books,Delhi,5,2255.95,11279.75,Net Banking
10479,2023-11-23,5118,148,Clothing,Bengaluru,2,4887.32,9774.64,Debit Card
10480,2023-09-20,5260,109,Sports,Bengaluru,1,4989.71,4989.71,UPI
10481,2024-06-12,5056,128,Sports,Mumbai,3,589.77,1769.31,UPI
10482,2024-11-13,5111,111,Clothing,Delhi,4,4133.33,16533.32,Debit Card
10483,2024-12-21,5129,137,Clothing,Pune,3,1801.98,5405.94,Credit Card
10484,2023-09-21,5275,102,Home,Pune,4,4519.46,18077.84,Credit Card
10485,2024-12-15,5118,105,Sports,Chennai,2,1371.87,2743.74,Debit Card
10486,2024-12-05,5098,107,Electronics,Bengaluru,3,3788.42,11365.26,Debit Card
10487,2024-08-09,5211,122,Books,Chennai,3,3452.93,10358.79,Debit Card
10488,2024-02-17,5181,140,Electronics,Bengaluru,5,1451.71,7258.55,Credit Card
10489,2024-09-19,5145,146,Electronics,Pune,4,4416.28,17665.12,Net Banking
10490,2024-06-27,5116,150,Books,Bengaluru,1,938.14,938.14,Debit Card
10491,2024-03-09,5035,126,Clothing,Chennai,4,3143.8,12575.2,Net Banking
10492,2023-08-01,5202,132,Electronics,Bengaluru,4,3382.63,13530.52,Credit Card
10493,2024-11-06,5159,136,Electronics,Delhi,4,1153.25,4613.0,Debit Card
10494,2023-05-23,5264,120,Sports,Mumbai,3,4133.8,12401.4,Cash
10495,2023-12-08,5143,103,Home,Hyderabad,5,1673.75,8368.75,Net Banking
10496,2023-10-29,5082,119,Home,Delhi,4,1565.23,6260.92,Credit Card
10497,2023-09-23,5227,143,Sports,Chennai,4,4419.63,17678.52,Credit Card
10498,2024-01-28,5106,121,Electronics,Hyderabad,1,554.47,554.47,Debit Card
10499,2023-02-11,5166,109,Electronics,Delhi,4,3996.42,15985.68,Credit Card
10500,2024-10-01,5124,134,Electronics,Pune,3,2643.7,7931.1,Debit Card
10501,2023-01-20,5144,143,Books,Mumbai,4,227.73,910.92,Cash
10502,2023-10-24,5255,125,Books,Chennai,2,315.33,630.66,UPI
10503,2024-01-25,5026,115,Home,Bengaluru,3,2237.15,6711.45,Net Banking
10504,2024-08-12,5297,133,Electronics,Delhi,4,3039.72,12158.88,Cash
10505,2024-11-01,5121,134,Sports,Pune,2,3923.37,7846.74,Cash
10506,2024-11-25,5001,119,Electronics,Delhi,4,1169.03,4676.12,UPI
10507,2023-07-04,5230,145,Sports,Delhi,5,1337.9,6689.5,UPI
10508,2023-11-01,5131,136,Clothing,Mumbai,1,2438.38,2438.38,UPI
10509,2024-11-20,5291,133,Home,Pune,4,2799.12,11196.48,Cash
10510,2023-12-15,5103,105,Clothing,Chennai,1,1358.38,1358.38,Net Banking
10511,2024-10-18,5012,115,Sports,Chennai,4,2700.81,10803.24,UPI
10512,2024-11-18,5090,104,Sports,Chennai,1,2685.85,2685.85,Cash
10513,2023-07-15,5232,135,Books,Delhi,2,1188.19,2376.38,Debit Card
10514,2023-07-16,5199,116,Home,Hyderabad,5,3019.57,15097.85,Debit Card
10515,2024-12-30,5137,124,Books,Chennai,2,3589.67,7179.34,Debit Card
10516,2024-05-27,5097,135,Electronics,Pune,2,3886.71,7773.42,Credit Card
10517,2023-10-10,5113,111,Electronics,Hyderabad,2,3717.2,7434.4,Credit Card
10518,2024-02-02,5134,125,Electronics,Pune,3,1361.82,4085.46,Credit Card
10519,2024-05-23,5188,126,Home,Hyderabad,4,1576.65,6306.6,Credit Card
10520,2023-10-21,5136,131,Books,Mumbai,3,4020.65,12061.95,Net Banking
10521,2024-01-01,5037,117,Electronics,Bengaluru,2,2009.76,4019.52,Credit Card
10522,2024-04-09,5173,101,Books,Bengaluru,3,297.28,891.84,Cash
10523,2024-03-17,5249,149,Clothing,Chennai,4,3795.72,15182.88,Cash
10524,2024-02-05,5042,147,Clothing,Chennai,3,4455.62,13366.86,Debit Card
10525,2024-01-10,5196,108,Sports,Pune,5,2204.12,11020.6,Cash
10526,2024-09-14,5118,145,Sports,Bengaluru,2,652.15,1304.3,Credit Card
10527,2024-12-03,5050,145,Home,Delhi,2,1178.5,2357.0,Net Banking
10528,2024-03-26,5248,137,Clothing,Pune,2,1954.2,3908.4,Net Banking
10529,2023-07-23,5062,118,Books,Pune,2,3838.65,7677.3,UPI
10530,2024-01-16,5110,104,Home,Chennai,3,4176.43,12529.29,Credit Card
10531,2023-05-11,5215,118,Clothing,Pune,1,3617.89,3617.89,Credit Card
10532,2023-06-14,5202,135,Sports,Mumbai,5,2142.07,10710.35,Net Banking
10533,2023-03-07,5038,144,Clothing,Mumbai,4,1289.62,5158.48,Credit Card
10534,2024-09-16,5076,136,Home,Pune,5,3535.64,17678.2,Net Banking
10535,2024-01-17,5143,112,Books,Bengaluru,1,1841.81,1841.81,Cash
10536,2024-07-24,5114,109,Books,Hyderabad,5,3580.32,17901.6,UPI
10537,2024-03-21,5228,144,Books,Bengaluru,4,1901.85,7607.4,Debit Card
10538,2024-11-16,5027,150,Electronics,Delhi,5,4990.73,24953.65,Net Banking
10539,2024-04-19,5239,137,Home,Delhi,2,3349.93,6699.86,Credit Card
10540,2024-04-13,5275,119,Books,Mumbai,2,2777.0,5554.0,Credit Card
10541,2024-09-15,5046,142,Clothing,Bengaluru,2,1485.09,2970.18,Net Banking
10542,2023-08-08,5032,125,Clothing,Chennai,3,2511.77,7535.31,UPI
10543,2023-11-13,5220,101,Sports,Delhi,3,3144.61,9433.83,Cash
10544,2023-09-07,5027,148,Sports,Mumbai,1,926.25,926.25,UPI
10545,2024-06-10,5189,136,Sports,Pune,4,4643.73,18574.92,Net Banking
10546,2024-11-13,5122,134,Electronics,Hyderabad,4,2007.04,8028.16,UPI
10547,2024-10-30,5162,103,Clothing,Bengaluru,2,3270.77,6541.54,Credit Card
10548,2024-04-07,5259,125,Electronics,Hyderabad,2,803.47,1606.94,UPI
10549,2023-03-14,5188,114,Electronics,Hyderabad,4,4208.99,16835.96,Cash
10550,2023-08-14,5087,116,Clothing,Hyderabad,4,4774.06,19096.24,Debit Card
10551,2024-10-19,5295,133,Clothing,Mumbai,3,4651.83,13955.49,Debit Card
10552,2023-05-07,5019,140,Home,Pune,5,4957.91,24789.55,Net Banking
10553,2024-10-28,5042,127,Clothing,Hyderabad,2,2334.98,4669.96,UPI
10554,2023-05-24,5184,129,Clothing,Bengaluru,3,4688.05,14064.15,Cash
10555,2023-03-29,5146,114,Books,Delhi,4,1892.79,7571.16,Debit Card
10556,2024-10-02,5208,120,Clothing,Delhi,1,564.88,564.88,Credit Card
10557,2023-12-04,5021,104,Electronics,Chennai,3,1137.96,3413.88,Credit Card
10558,2024-09-07,5019,118,Books,Hyderabad,4,1688.91,6755.64,Debit Card
10559,2023-03-09,5007,109,Sports,Delhi,2,4422.03,8844.06,Debit Card
10560,2024-05-25,5157,145,Sports,Mumbai,1,1990.16,1990.16,Credit Card
10561,2024-06-14,5136,101,Electronics,Mumbai,5,2236.28,11181.4,Cash
10562,2024-12-26,5180,105,Books,Mumbai,2,4995.33,9990.66,Net Banking
10563,2024-10-21,5068,126,Clothing,Hyderabad,5,856.29,4281.45,Debit Card
10564,2023-07-18,5060,109,Electronics,Hyderabad,2,770.57,1541.14,Debit Card
10565,2023-10-07,5075,145,Electronics,Pune,3,136.34,409.02,Cash
10566,2024-03-19,5069,126,Sports,Delhi,4,1616.13,6464.52,Cash
10567,2023-12-25,5096,118,Electronics,Delhi,3,4434.47,13303.41,Credit Card
10568,2024-12-12,5004,106,Books,Bengaluru,1,2547.43,2547.43,UPI
10569,2024-10-14,5201,148,Books,Bengaluru,2,749.12,1498.24,Credit Card
10570,2024-08-30,5112,111,Electronics,Delhi,5,1456.3,7281.5,Debit Card
10571,2023-03-30,5285,115,Clothing,Delhi,1,4668.04,4668.04,Net Banking
10572,2024-07-03,5043,128,Books,Delhi,4,3984.11,15936.44,Credit Card
10573,2023-07-05,5095,144,Sports,Hyderabad,5,597.99,2989.95,UPI
10574,2024-04-12,5035,143,Home,Delhi,4,1171.46,4685.84,Cash
10575,2024-01-13,5265,140,Books,Chennai,5,1699.21,8496.05,UPI
10576,2023-07-14,5255,123,Electronics,Bengaluru,4,1803.42,7213.68,Debit Card
10577,2023-01-09,5211,143,Clothing,Mumbai,2,4771.09,9542.18,Debit Card
10578,2024-12-23,5084,138,Home,Pune,5,3118.57,15592.85,UPI
10579,2023-09-30,5093,146,Books,Bengaluru,5,647.03,3235.15,Net Banking
10580,2023-09-11,5073,132,Home,Hyderabad,4,2211.72,8846.88,Debit Card
10581,2024-01-20,5067,144,Books,Mumbai,1,2873.05,2873.05,Cash
10582,2024-05-13,5186,135,Books,Mumbai,1,2994.5,2994.5,UPI
10583,2024-12-24,5178,116,Clothing,Chennai,2,1028.72,2057.44,Net Banking
10584,2024-06-23,5085,116,Electronics,Mumbai,4,2835.84,11343.36,Net Banking
10585,2024-06-29,5281,106,Electronics,Mumbai,1,3312.62,3312.62,Net Banking
10586,2023-09-30,5071,107,Home,Bengaluru,2,1867.83,3735.66,Debit Card
10587,2024-08-31,5235,103,Home,Delhi,1,2787.66,2787.66,Debit Card
10588,2024-11-22,5198,131,Home,Chennai,4,1603.36,6413.44,UPI
10589,2024-08-22,5218,105,Clothing,Pune,1,3600.96,3600.96,UPI
10590,2023-09-09,5109,122,Clothing,Delhi,4,4575.94,18303.76,Debit Card
10591,2024-04-21,5294,146,Books,Mumbai,4,3512.39,14049.56,Cash
10592,2024-01-21,5038,120,Books,Bengaluru,1,3696.08,3696.08,Credit Card
10593,2023-10-30,5203,125,Sports,Mumbai,4,4970.08,19880.32,Credit Card
10594,2024-05-20,5243,132,Home,Pune,1,1533.81,1533.81,Net Banking
10595,2024-12-10,5229,125,Clothing,Bengaluru,1,1148.91,1148.91,UPI
10596,2023-06-30,5270,110,Electronics,Hyderabad,4,2183.03,8732.12,Credit Card
10597,2023-02-16,5258,135,Sports,Chennai,5,3902.74,19513.7,Debit Card
10598,2023-11-05,5232,128,Books,Delhi,4,760.31,3041.24,Cash
10599,2024-12-29,5139,114,Sports,Hyderabad,3,4294.96,12884.88,Cash
10600,2023-10-05,5142,129,Electronics,Pune,5,2135.5,10677.5,Debit Card
10601,2024-04-03,5117,133,Home,Mumbai,3,2642.54,7927.62,Credit Card
10602,2023-06-10,5128,127,Electronics,Chennai,3,3569.66,10708.98,Cash
10603,2024-02-12,5044,111,Sports,Hyderabad,2,766.41,1532.82,Cash
10604,2023-08-14,5138,101,Home,Mumbai,3,3058.7,9176.1,UPI
10605,2024-03-17,5155,145,Sports,Hyderabad,3,3719.68,11159.04,UPI
10606,2024-11-09,5085,134,Sports,Bengaluru,2,577.09,1154.18,UPI
10607,2023-02-28,5158,103,Home,Bengaluru,3,3268.16,9804.48,UPI
10608,2023-12-19,5109,117,Home,Mumbai,3,2838.3,8514.9,Debit Card
10609,2024-06-07,5046,145,Electronics,Mumbai,3,2821.37,8464.11,Credit Card
10610,2024-01-28,5242,111,Home,Pune,3,1760.86,5282.58,Debit Card
10611,2023-01-19,5292,102,Sports,Hyderabad,5,3225.57,16127.85,Cash
10612,2023-01-25,5200,107,Electronics,Hyderabad,5,2595.1,12975.5,Net Banking
10613,2023-01-17,5110,123,Books,Pune,4,537.96,2151.84,Cash
10614,2024-04-28,5005,109,Sports,Bengaluru,5,1664.1,8320.5,Debit Card
10615,2024-03-18,5232,136,Books,Delhi,5,592.89,2964.45,UPI
10616,2023-02-23,5180,150,Clothing,Pune,4,854.11,3416.44,Cash
10617,2024-01-06,5170,143,Electronics,Mumbai,1,3003.02,3003.02,Net Banking
10618,2023-11-22,5170,150,Electronics,Mumbai,2,4368.91,8737.82,Debit Card
10619,2024-07-24,5252,137,Sports,Hyderabad,5,4769.06,23845.3,Cash
10620,2024-01-31,5269,131,Clothing,Chennai,3,2664.46,7993.38,Credit Card
10621,2023-01-01,5077,114,Clothing,Chennai,2,1611.56,3223.12,Credit Card
10622,2024-04-13,5249,133,Books,Bengaluru,2,515.48,1030.96,Cash
10623,2024-09-17,5259,144,Sports,Bengaluru,4,2766.76,11067.04,Debit Card
10624,2024-05-03,5102,125,Electronics,Delhi,2,3383.86,6767.72,Net Banking
10625,2023-05-24,5200,129,Electronics,Delhi,4,1165.92,4663.68,Credit Card
10626,2024-11-13,5292,150,Sports,Delhi,2,1499.94,2999.88,Credit Card
10627,2024-09-07,5202,143,Electronics,Pune,1,3335.36,3335.36,UPI
10628,2023-01-31,5068,136,Home,Pune,1,4104.44,4104.44,Credit Card
10629,2024-03-17,5182,113,Clothing,Bengaluru,3,3441.54,10324.62,UPI
10630,2023-12-29,5171,133,Electronics,Pune,1,2171.45,2171.45,UPI
10631,2023-06-01,5109,113,Electronics,Chennai,4,3857.06,15428.24,Credit Card
10632,2024-04-11,5151,143,Home,Mumbai,5,216.15,1080.75,Cash
10633,2023-02-23,5013,140,Home,Pune,1,1511.64,1511.64,Credit Card
10634,2023-09-16,5293,132,Sports,Mumbai,1,1244.16,1244.16,UPI
10635,2023-05-15,5121,111,Clothing,Mumbai,3,4503.66,13510.98,Net Banking
10636,2024-09-23,5002,113,Books,Delhi,4,4621.58,18486.32,Credit Card
10637,2023-10-04,5119,125,Home,Hyderabad,1,495.16,495.16,Credit Card
10638,2023-11-05,5274,108,Home,Hyderabad,2,1558.8,3117.6,UPI
10639,2023-08-02,5051,102,Sports,Bengaluru,4,2058.03,8232.12,UPI
10640,2023-10-28,5093,114,Sports,Hyderabad,4,2396.98,9587.92,Credit Card
10641,2024-06-15,5071,128,Clothing,Chennai,5,3245.01,16225.05,Debit Card
10642,2024-05-18,5059,124,Electronics,Chennai,2,338.34,676.68,UPI
10643,2023-08-06,5209,129,Sports,Bengaluru,4,1722.26,6889.04,Net Banking
10644,2024-09-23,5105,144,Home,Mumbai,4,1918.4,7673.6,Net Banking
10645,2023-04-21,5168,107,Electronics,Chennai,4,4207.86,16831.44,Credit Card
10646,2023-07-23,5159,143,Home,Mumbai,4,1055.22,4220.88,UPI
10647,2024-11-25,5157,112,Electronics,Pune,2,3023.4,6046.8,Debit Card
10648,2023-06-08,5252,130,Electronics,Mumbai,5,3777.28,18886.4,Net Banking
10649,2023-12-26,5088,113,Sports,Mumbai,1,502.36,502.36,Cash
10650,2024-02-15,5043,103,Books,Bengaluru,5,1825.53,9127.65,Net Banking
10651,2023-12-29,5169,124,Electronics,Pune,3,3543.6,10630.8,Cash
10652,2023-11-05,5262,131,Home,Pune,3,386.44,1159.32,Cash
10653,2023-11-22,5298,136,Books,Mumbai,4,3717.12,14868.48,Credit Card
10654,2024-06-07,5099,121,Clothing,Chennai,1,2064.68,2064.68,UPI
10655,2024-09-19,5290,117,Books,Chennai,2,2160.9,4321.8,Credit Card
10656,2023-04-06,5144,137,Clothing,Bengaluru,3,1274.68,3824.04,Cash
10657,2023-01-18,5071,110,Sports,Pune,2,1595.95,3191.9,Cash
10658,2024-06-03,5266,147,Electronics,Bengaluru,4,4285.47,17141.88,UPI
10659,2024-12-06,5056,142,Books,Bengaluru,3,2125.65,6376.95,Cash
10660,2023-01-28,5150,117,Home,Hyderabad,3,3043.85,9131.55,UPI
10661,2023-05-24,5162,148,Electronics,Mumbai,5,369.2,1846.0,Debit Card
10662,2024-02-27,5074,106,Books,Bengaluru,5,3925.82,19629.1,Net Banking
10663,2023-03-06,5077,130,Sports,Hyderabad,4,1891.13,7564.52,Debit Card
10664,2024-11-28,5285,105,Books,Mumbai,3,2542.98,7628.94,UPI
10665,2024-10-09,5106,139,Books,Chennai,1,4428.77,4428.77,Debit Card
10666,2024-05-06,5090,145,Clothing,Bengaluru,5,826.96,4134.8,UPI
10667,2023-03-18,5160,144,Home,Chennai,3,3228.34,9685.02,Debit Card
10668,2024-01-14,5244,129,Home,Delhi,3,2093.01,6279.03,Net Banking
10669,2024-12-18,5068,145,Sports,Delhi,4,842.4,3369.6,Debit Card
10670,2024-03-13,5025,119,Books,Bengaluru,5,2410.54,12052.7,Debit Card
10671,2024-05-21,5243,110,Clothing,Delhi,2,2289.63,4579.26,UPI
10672,2024-11-30,5187,111,Sports,Chennai,5,2856.82,14284.1,Cash
10673,2023-11-08,5006,142,Sports,Delhi,3,1181.79,3545.37,UPI
10674,2023-09-27,5236,103,Sports,Delhi,4,3625.3,14501.2,Cash
10675,2024-06-26,5106,148,Sports,Pune,2,1677.86,3355.72,UPI
10676,2023-11-26,5267,129,Books,Mumbai,2,2398.19,4796.38,Cash
10677,2023-06-09,5205,122,Home,Bengaluru,1,1028.19,1028.19,Debit Card
10678,2023-02-07,5014,137,Home,Bengaluru,4,494.31,1977.24,Debit Card
10679,2023-09-10,5180,129,Home,Chennai,3,4150.68,12452.04,Debit Card
10680,2023-05-04,5148,114,Books,Pune,3,266.51,799.53,Net Banking
10681,2023-09-22,5172,108,Sports,Bengaluru,1,1364.24,1364.24,Debit Card
10682,2024-07-13,5253,104,Electronics,Bengaluru,3,1926.42,5779.26,Cash
10683,2023-11-17,5239,141,Clothing,Mumbai,1,4909.38,4909.38,Debit Card
10684,2023-06-03,5088,119,Home,Mumbai,2,2477.54,4955.08,Credit Card
10685,2024-09-21,5142,143,Sports,Bengaluru,1,3058.93,3058.93,Cash
10686,2024-01-09,5116,123,Electronics,Delhi,4,2172.33,8689.32,UPI
10687,2024-11-15,5256,122,Clothing,Mumbai,4,2771.15,11084.6,UPI
10688,2023-10-02,5240,121,Sports,Hyderabad,4,4430.92,17723.68,UPI
10689,2024-05-19,5280,142,Electronics,Chennai,5,1472.69,7363.45,Net Banking
10690,2023-05-15,5075,125,Electronics,Bengaluru,4,556.53,2226.12,Net Banking
10691,2023-08-12,5058,107,Electronics,Chennai,2,118.73,237.46,Debit Card
10692,2023-05-08,5192,127,Sports,Pune,5,2840.3,14201.5,Cash
10693,2024-10-24,5224,129,Sports,Hyderabad,4,1570.97,6283.88,Net Banking
10694,2024-09-14,5245,125,Electronics,Delhi,2,2340.41,4680.82,Debit Card
10695,2024-10-03,5023,107,Clothing,Chennai,2,1397.24,2794.48,UPI
10696,2023-01-05,5083,127,Sports,Hyderabad,3,1755.92,5267.76,UPI
10697,2024-03-17,5063,144,Sports,Pune,5,2872.64,14363.2,UPI
10698,2023-05-20,5259,132,Sports,Delhi,2,4835.73,9671.46,Credit Card
10699,2023-10-23,5290,109,Books,Mumbai,5,782.22,3911.1,Credit Card
10700,2024-08-25,5102,102,Clothing,Bengaluru,2,3660.11,7320.22,Net Banking
10701,2024-04-13,5220,134,Electronics,Bengaluru,3,2401.49,7204.47,Credit Card
10702,2024-12-28,5137,140,Electronics,Hyderabad,4,4161.14,16644.56,Debit Card
10703,2023-04-22,5126,128,Home,Mumbai,5,4302.69,21513.45,Net Banking
10704,2024-04-24,5281,124,Home,Pune,5,4345.04,21725.2,UPI
10705,2024-12-29,5187,127,Books,Bengaluru,3,2084.33,6252.99,Cash
10706,2024-01-21,5025,132,Home,Mumbai,5,238.11,1190.55,UPI
10707,2023-01-21,5092,145,Sports,Pune,3,477.63,1432.89,Credit Card
10708,2023-05-29,5039,111,Home,Bengaluru,4,4471.15,17884.6,Debit Card
10709,2023-07-11,5228,135,Books,Bengaluru,2,313.21,626.42,Net Banking
10710,2023-10-16,5241,110,Clothing,Mumbai,2,154.2,308.4,Credit Card
10711,2023-11-10,5087,126,Books,Delhi,1,1357.93,1357.93,Credit Card
10712,2024-04-10,5183,139,Home,Mumbai,4,3434.92,13739.68,UPI
10713,2024-07-07,5233,140,Clothing,Delhi,5,4923.16,24615.8,Cash
10714,2023-06-02,5002,110,Clothing,Delhi,3,1780.48,5341.44,Credit Card
10715,2024-10-03,5019,130,Home,Mumbai,1,383.85,383.85,Net Banking
10716,2024-10-19,5077,113,Clothing,Pune,1,3769.66,3769.66,Cash
10717,2023-06-10,5165,104,Sports,Hyderabad,2,2255.91,4511.82,Net Banking
10718,2024-01-02,5279,140,Books,Pune,3,2935.32,8805.96,Credit Card
10719,2023-04-27,5118,133,Home,Pune,4,4671.01,18684.04,Debit Card
10720,2023-06-04,5136,108,Electronics,Pune,3,3235.66,9706.98,Debit Card
10721,2024-05-28,5082,103,Electronics,Pune,2,378.67,757.34,Debit Card
10722,2023-09-11,5247,147,Books,Chennai,1,3653.38,3653.38,Cash
10723,2023-12-12,5090,123,Electronics,Delhi,5,538.13,2690.65,Credit Card
10724,2024-01-04,5194,129,Home,Hyderabad,2,4581.97,9163.94,Net Banking
10725,2023-03-22,5121,106,Home,Hyderabad,2,1243.62,2487.24,Debit Card
10726,2023-03-25,5185,116,Books,Delhi,1,2976.76,2976.76,Debit Card
10727,2023-05-08,5109,130,Clothing,Mumbai,2,3605.99,7211.98,UPI
10728,2024-03-20,5293,116,Home,Delhi,1,1967.42,1967.42,Net Banking
10729,2024-06-07,5198,108,Electronics,Chennai,5,4461.37,22306.85,Debit Card
10730,2024-04-10,5203,114,Books,Delhi,4,3329.96,13319.84,Credit Card
10731,2024-10-04,5101,139,Electronics,Chennai,3,1693.24,5079.72,Cash
10732,2023-09-30,5068,114,Home,Bengaluru,3,4059.9,12179.7,Debit Card
10733,2024-07-31,5235,109,Sports,Bengaluru,1,369.52,369.52,Net Banking
10734,2023-08-07,5080,119,Electronics,Delhi,3,1361.49,4084.47,Credit Card
10735,2023-12-16,5063,127,Clothing,Bengaluru,3,1062.58,3187.74,Credit Card
10736,2024-06-08,5199,102,Sports,Mumbai,5,535.31,2676.55,Cash
10737,2023-12-21,5204,139,Clothing,Chennai,5,3828.58,19142.9,UPI
10738,2024-12-03,5103,132,Sports,Bengaluru,5,1230.85,6154.25,Debit Card
10739,2023-09-16,5005,134,Books,Chennai,5,4851.27,24256.35,Debit Card
10740,2023-01-25,5202,110,Clothing,Hyderabad,4,3728.44,14913.76,Debit Card
10741,2023-04-12,5245,126,Electronics,Bengaluru,4,659.18,2636.72,UPI
10742,2024-07-31,5173,125,Books,Chennai,1,1190.21,1190.21,Debit Card
10743,2023-12-31,5210,109,Clothing,Chennai,3,1283.71,3851.13,Cash
10744,2024-10-01,5291,110,Books,Delhi,1,1306.86,1306.86,Credit Card
10745,2023-04-22,5263,122,Books,Chennai,2,2161.14,4322.28,Debit Card
10746,2023-12-24,5180,150,Sports,Pune,4,4589.38,18357.52,Credit Card
10747,2024-04-24,5189,106,Sports,Hyderabad,2,1848.63,3697.26,Cash
10748,2024-01-22,5240,143,Clothing,Delhi,3,459.29,1377.87,UPI
10749,2024-06-24,5122,123,Sports,Delhi,3,2176.31,6528.93,Cash
10750,2024-06-16,5124,145,Electronics,Mumbai,1,809.37,809.37,Debit Card
10751,2024-01-09,5095,129,Home,Delhi,2,4242.05,8484.1,UPI
10752,2024-12-20,5181,123,Books,Hyderabad,2,2004.76,4009.52,Cash
10753,2023-11-06,5043,104,Electronics,Hyderabad,5,1375.29,6876.45,Debit Card
10754,2023-11-14,5300,113,Clothing,Delhi,2,2192.43,4384.86,UPI
10755,2024-03-03,5148,119,Books,Bengaluru,4,3433.17,13732.68,UPI
10756,2024-02-27,5247,108,Books,Delhi,2,3531.33,7062.66,Net Banking
10757,2024-07-10,5166,116,Sports,Pune,1,253.14,253.14,Credit Card
10758,2023-02-03,5242,105,Electronics,Mumbai,4,750.56,3002.24,Cash
10759,2023-05-09,5151,101,Books,Delhi,4,2236.77,8947.08,Net Banking
10760,2024-10-10,5047,141,Books,Hyderabad,1,3025.81,3025.81,Net Banking
10761,2024-01-10,5277,143,Books,Mumbai,1,1243.0,1243.0,UPI
10762,2024-01-26,5197,136,Electronics,Hyderabad,1,749.24,749.24,Cash
10763,2023-11-12,5219,131,Electronics,Bengaluru,3,1113.46,3340.38,Debit Card
10764,2023-01-05,5113,137,Books,Bengaluru,1,1580.12,1580.12,UPI
10765,2024-02-05,5047,116,Electronics,Bengaluru,1,3314.1,3314.1,Net Banking
10766,2024-04-02,5259,150,Electronics,Mumbai,5,4272.72,21363.6,Cash
10767,2024-05-11,5281,108,Clothing,Delhi,5,1901.31,9506.55,Net Banking
10768,2023-01-15,5232,110,Clothing,Delhi,4,3164.51,12658.04,Cash
10769,2024-03-28,5235,138,Home,Chennai,3,4190.63,12571.89,Cash
10770,2024-11-21,5012,114,Books,Mumbai,5,2919.58,14597.9,Credit Card
10771,2024-09-16,5286,149,Electronics,Pune,3,4845.11,14535.33,UPI
10772,2023-08-28,5103,134,Clothing,Hyderabad,3,1276.26,3828.78,UPI
10773,2024-06-06,5129,138,Home,Delhi,2,401.46,802.92,Cash
10774,2024-01-16,5298,132,Clothing,Mumbai,2,107.27,214.54,Cash
10775,2023-01-03,5188,150,Clothing,Bengaluru,2,182.18,364.36,Credit Card
10776,2023-09-07,5104,127,Books,Bengaluru,4,4469.99,17879.96,UPI
10777,2023-06-25,5107,107,Electronics,Delhi,5,4188.49,20942.45,Credit Card
10778,2024-07-14,5095,138,Clothing,Mumbai,4,3090.69,12362.76,Net Banking
10779,2023-05-31,5046,129,Clothing,Delhi,4,4305.95,17223.8,Debit Card
10780,2023-12-25,5023,147,Clothing,Chennai,4,1287.52,5150.08,Credit Card
10781,2023-10-03,5221,148,Home,Chennai,2,4080.85,8161.7,Credit Card
10782,2024-01-04,5104,130,Books,Chennai,4,4408.56,17634.24,Net Banking
10783,2023-11-20,5277,110,Sports,Pune,1,1239.45,1239.45,Net Banking
10784,2023-03-17,5263,125,Books,Bengaluru,4,4658.3,18633.2,UPI
10785,2023-07-27,5280,145,Clothing,Bengaluru,1,2014.5,2014.5,Net Banking
10786,2024-06-06,5242,149,Home,Chennai,5,4281.34,21406.7,UPI
10787,2024-01-21,5189,121,Clothing,Bengaluru,3,2589.63,7768.89,Net Banking
10788,2023-09-10,5117,106,Home,Chennai,2,468.02,936.04,Cash
10789,2023-08-17,5018,126,Home,Bengaluru,4,3243.38,12973.52,Cash
10790,2024-03-02,5119,110,Clothing,Delhi,2,367.36,734.72,Net Banking
10791,2024-11-24,5298,129,Sports,Chennai,3,3092.52,9277.56,Debit Card
10792,2024-01-19,5233,126,Home,Pune,3,1370.61,4111.83,Net Banking
10793,2023-08-04,5070,116,Home,Mumbai,1,3331.43,3331.43,Net Banking
10794,2024-04-02,5007,127,Home,Mumbai,4,1328.45,5313.8,Debit Card
10795,2023-03-12,5108,126,Books,Hyderabad,2,4718.58,9437.16,Net Banking
10796,2023-04-03,5058,109,Sports,Pune,4,4838.35,19353.4,Cash
10797,2024-06-13,5126,130,Sports,Hyderabad,5,3656.02,18280.1,UPI
10798,2023-06-15,5029,137,Sports,Mumbai,1,4540.78,4540.78,Cash
10799,2024-01-28,5097,139,Electronics,Delhi,2,4263.15,8526.3,Credit Card
10800,2024-05-05,5281,132,Books,Chennai,3,3754.17,11262.51,Net Banking
10801,2024-03-03,5006,120,Sports,Chennai,1,860.69,860.69,UPI
10802,2023-07-08,5262,110,Home,Mumbai,1,1945.76,1945.76,Credit Card
10803,2023-11-02,5158,129,Books,Mumbai,5,1245.56,6227.8,Net Banking
10804,2023-07-19,5193,121,Home,Chennai,1,1108.72,1108.72,Cash
10805,2023-02-15,5253,110,Home,Delhi,4,533.02,2132.08,Credit Card
10806,2023-02-11,5177,123,Books,Hyderabad,4,2359.07,9436.28,Net Banking
10807,2023-08-11,5213,143,Electronics,Mumbai,5,755.41,3777.05,Debit Card
10808,2023-11-03,5172,141,Sports,Pune,5,4512.12,22560.6,Cash
10809,2024-12-21,5014,128,Sports,Mumbai,4,4749.52,18998.08,Debit Card
10810,2024-07-28,5205,148,Electronics,Mumbai,4,1033.78,4135.12,Cash
10811,2023-12-15,5041,104,Books,Delhi,3,2281.25,6843.75,Credit Card
10812,2023-05-20,5124,140,Electronics,Pune,1,1872.84,1872.84,UPI
10813,2024-05-03,5220,116,Sports,Mumbai,4,4107.67,16430.68,UPI
10814,2023-09-06,5013,107,Clothing,Bengaluru,3,1591.62,4774.86,Debit Card
10815,2024-05-22,5157,108,Sports,Mumbai,3,4002.89,12008.67,Debit Card
10816,2023-11-17,5277,122,Electronics,Delhi,3,4175.94,12527.82,Credit Card
10817,2023-09-19,5272,115,Electronics,Delhi,4,2563.23,10252.92,Cash
10818,2023-04-24,5130,103,Clothing,Chennai,1,2189.76,2189.76,Net Banking
10819,2023-11-09,5205,112,Electronics,Bengaluru,3,3928.34,11785.02,Debit Card
10820,2023-06-17,5246,111,Books,Bengaluru,5,1224.37,6121.85,Net Banking
10821,2024-02-12,5047,140,Sports,Mumbai,1,1630.43,1630.43,Net Banking
10822,2024-03-21,5033,102,Books,Chennai,4,3233.24,12932.96,Net Banking
10823,2024-05-05,5068,116,Electronics,Hyderabad,5,3038.59,15192.95,Debit Card
10824,2024-02-28,5238,117,Books,Delhi,5,4399.14,21995.7,Net Banking
10825,2023-12-08,5018,112,Sports,Mumbai,5,1890.69,9453.45,Cash
10826,2024-10-08,5125,105,Books,Delhi,3,3322.94,9968.82,Debit Card
10827,2024-06-09,5247,146,Clothing,Pune,1,1538.54,1538.54,Net Banking
10828,2024-06-27,5293,138,Books,Delhi,5,1075.6,5378.0,Debit Card
10829,2023-03-09,5087,110,Sports,Chennai,5,3056.29,15281.45,Net Banking
10830,2023-11-18,5239,143,Clothing,Pune,2,3068.38,6136.76,Credit Card
10831,2023-02-21,5186,128,Clothing,Mumbai,1,474.72,474.72,UPI
10832,2024-03-12,5202,108,Home,Delhi,1,1304.88,1304.88,Net Banking
10833,2024-09-07,5268,141,Electronics,Chennai,2,4287.65,8575.3,Debit Card
10834,2024-05-16,5207,136,Electronics,Bengaluru,1,2391.66,2391.66,Net Banking
10835,2024-08-26,5264,119,Clothing,Bengaluru,4,193.38,773.52,Cash
10836,2024-02-18,5032,127,Books,Bengaluru,3,344.17,1032.51,Net Banking
10837,2023-06-10,5073,132,Sports,Delhi,2,1719.96,3439.92,UPI
10838,2024-01-10,5042,149,Sports,Mumbai,3,4790.87,14372.61,UPI
10839,2023-05-25,5136,122,Electronics,Pune,1,3691.13,3691.13,Credit Card
10840,2023-05-21,5108,149,Clothing,Bengaluru,2,1655.76,3311.52,Credit Card
10841,2024-02-23,5094,130,Electronics,Hyderabad,3,745.22,2235.66,Credit Card
10842,2024-10-03,5073,127,Home,Hyderabad,1,255.01,255.01,Credit Card
10843,2023-02-28,5269,150,Books,Hyderabad,1,3053.49,3053.49,Cash
10844,2023-10-02,5239,142,Books,Hyderabad,4,2838.95,11355.8,UPI
10845,2024-08-01,5154,115,Electronics,Mumbai,3,620.99,1862.97,UPI
10846,2023-07-30,5202,149,Sports,Chennai,2,3315.15,6630.3,Credit Card
10847,2024-08-01,5106,132,Books,Chennai,2,2854.48,5708.96,Credit Card
10848,2024-12-03,5184,143,Electronics,Hyderabad,1,1977.47,1977.47,Cash
10849,2024-10-14,5128,140,Home,Mumbai,4,3877.97,15511.88,Net Banking
10850,2024-09-15,5163,106,Home,Chennai,4,434.27,1737.08,Net Banking
10851,2023-11-06,5031,121,Electronics,Mumbai,2,2768.68,5537.36,Net Banking
10852,2024-12-17,5013,140,Books,Pune,2,946.01,1892.02,UPI
10853,2023-03-12,5245,104,Books,Chennai,5,1869.11,9345.55,Net Banking
10854,2023-03-21,5010,118,Home,Bengaluru,4,2326.76,9307.04,UPI
10855,2023-12-22,5294,101,Books,Bengaluru,1,956.87,956.87,Credit Card
10856,2024-08-05,5250,108,Home,Hyderabad,2,4725.48,9450.96,Cash
10857,2024-09-02,5277,144,Clothing,Hyderabad,1,3626.48,3626.48,Debit Card
10858,2023-04-10,5060,137,Home,Hyderabad,3,532.88,1598.64,Cash
10859,2024-08-12,5148,149,Books,Bengaluru,5,1513.22,7566.1,Net Banking
10860,2024-04-17,5299,118,Electronics,Chennai,5,832.41,4162.05,Debit Card
10861,2023-02-04,5067,132,Books,Chennai,5,4358.86,21794.3,Debit Card
10862,2024-11-13,5296,119,Sports,Mumbai,3,4781.43,14344.29,Credit Card
10863,2024-02-04,5206,144,Clothing,Delhi,5,2962.22,14811.1,UPI
10864,2024-11-29,5174,106,Home,Bengaluru,3,3862.89,11588.67,UPI
10865,2023-05-15,5166,130,Sports,Pune,2,4860.15,9720.3,Net Banking
10866,2024-08-19,5223,113,Sports,Hyderabad,4,4878.24,19512.96,Net Banking
10867,2024-11-27,5066,109,Sports,Pune,3,3121.65,9364.95,UPI
10868,2024-10-20,5002,123,Books,Bengaluru,1,4936.16,4936.16,Debit Card
10869,2023-07-10,5110,143,Clothing,Bengaluru,2,3656.21,7312.42,Debit Card
10870,2024-12-26,5083,120,Electronics,Hyderabad,4,1466.96,5867.84,Net Banking
10871,2024-07-14,5246,137,Books,Hyderabad,1,2692.64,2692.64,Credit Card
10872,2023-04-08,5259,135,Clothing,Pune,4,688.2,2752.8,Debit Card
10873,2024-06-18,5267,107,Sports,Mumbai,4,2950.8,11803.2,UPI
10874,2023-03-31,5264,120,Electronics,Delhi,4,1333.69,5334.76,Net Banking
10875,2024-11-28,5079,133,Books,Bengaluru,4,1295.89,5183.56,UPI
10876,2024-05-02,5277,137,Books,Pune,3,2106.53,6319.59,UPI
10877,2024-01-29,5194,103,Electronics,Hyderabad,1,4206.78,4206.78,Debit Card
10878,2023-03-18,5241,131,Clothing,Bengaluru,4,4883.95,19535.8,UPI
10879,2023-09-25,5198,129,Electronics,Chennai,4,3409.09,13636.36,Credit Card
10880,2024-07-04,5207,114,Electronics,Chennai,2,458.97,917.94,Cash
10881,2023-07-21,5223,102,Home,Pune,4,3210.91,12843.64,UPI
10882,2024-05-13,5091,148,Clothing,Hyderabad,4,740.81,2963.24,Cash
10883,2023-10-18,5212,146,Clothing,Bengaluru,1,2784.17,2784.17,Credit Card
10884,2023-11-01,5300,119,Electronics,Hyderabad,1,3285.4,3285.4,Net Banking
10885,2023-12-02,5045,111,Books,Bengaluru,3,256.11,768.33,Cash
10886,2023-09-28,5216,103,Home,Pune,4,3931.23,15724.92,Debit Card
10887,2023-07-24,5071,106,Electronics,Pune,3,986.36,2959.08,Credit Card
10888,2023-11-11,5294,139,Sports,Pune,3,2515.62,7546.86,Cash
10889,2024-08-14,5270,110,Books,Pune,5,1958.75,9793.75,Cash
10890,2024-07-20,5286,101,Books,Hyderabad,4,1196.37,4785.48,Net Banking
10891,2023-11-20,5286,141,Clothing,Mumbai,4,3989.56,15958.24,Cash
10892,2023-06-30,5153,112,Home,Bengaluru,1,2881.98,2881.98,Cash
10893,2024-06-23,5137,141,Clothing,Delhi,2,4426.76,8853.52,UPI
10894,2024-06-05,5285,115,Home,Mumbai,3,1299.52,3898.56,Credit Card
10895,2023-02-28,5128,120,Electronics,Bengaluru,4,1847.4,7389.6,Cash
10896,2024-05-19,5287,125,Sports,Chennai,1,950.5,950.5,Debit Card
10897,2023-11-11,5272,148,Home,Pune,3,875.85,2627.55,Cash
10898,2023-09-06,5181,116,Electronics,Delhi,3,562.71,1688.13,Net Banking
10899,2024-11-09,5292,123,Books,Pune,3,310.61,931.83,Cash
10900,2024-11-06,5002,137,Clothing,Bengaluru,1,4753.44,4753.44,UPI
10901,2023-08-10,5071,126,Clothing,Bengaluru,3,425.41,1276.23,Net Banking
10902,2023-04-08,5246,112,Home,Chennai,5,4586.48,22932.4,Credit Card
10903,2023-05-04,5203,111,Clothing,Mumbai,2,480.72,961.44,Debit Card
10904,2023-04-20,5112,101,Books,Chennai,1,4678.01,4678.01,Credit Card
10905,2023-01-13,5193,120,Clothing,Delhi,4,3499.76,13999.04,Debit Card
10906,2024-09-24,5100,122,Electronics,Bengaluru,4,630.13,2520.52,Cash
10907,2023-07-17,5135,130,Clothing,Pune,2,208.51,417.02,UPI
10908,2023-08-09,5128,116,Books,Delhi,5,3646.67,18233.35,Net Banking
10909,2024-06-18,5102,129,Electronics,Pune,1,2901.94,2901.94,Credit Card
10910,2024-02-25,5249,133,Clothing,Mumbai,2,4316.28,8632.56,UPI
10911,2024-01-16,5281,143,Clothing,Bengaluru,2,4328.36,8656.72,Net Banking
10912,2023-09-09,5276,113,Home,Hyderabad,3,1797.03,5391.09,Credit Card
10913,2023-04-15,5157,136,Clothing,Chennai,5,301.7,1508.5,Credit Card
10914,2024-02-28,5012,150,Books,Mumbai,3,2770.16,8310.48,UPI
10915,2023-11-22,5205,107,Sports,Chennai,4,348.53,1394.12,Cash
10916,2024-05-20,5230,107,Clothing,Chennai,5,2802.9,14014.5,Credit Card
10917,2024-10-12,5135,101,Electronics,Chennai,3,3063.32,9189.96,Cash
10918,2023-01-19,5141,141,Books,Mumbai,2,2575.34,5150.68,Cash
10919,2024-07-26,5195,133,Sports,Bengaluru,2,2315.95,4631.9,UPI
10920,2024-10-17,5120,147,Clothing,Bengaluru,1,1517.29,1517.29,Net Banking
10921,2024-04-26,5281,113,Electronics,Delhi,4,284.87,1139.48,Debit Card
10922,2024-03-14,5081,118,Books,Delhi,2,4222.42,8444.84,Net Banking
10923,2024-08-21,5185,128,Books,Bengaluru,3,4837.43,14512.29,Cash
10924,2024-05-05,5265,139,Sports,Hyderabad,2,581.56,1163.12,Cash
10925,2023-02-28,5205,149,Home,Mumbai,1,513.73,513.73,Cash
10926,2024-08-10,5193,135,Books,Pune,3,4859.36,14578.08,Net Banking
10927,2023-01-13,5135,140,Home,Pune,2,2494.27,4988.54,Credit Card
10928,2024-02-08,5109,123,Clothing,Mumbai,1,3941.78,3941.78,Debit Card
10929,2024-07-31,5008,127,Home,Mumbai,1,1247.73,1247.73,Credit Card
10930,2024-08-16,5281,113,Electronics,Delhi,2,3079.2,6158.4,Cash
10931,2023-07-26,5021,146,Books,Mumbai,3,3158.52,9475.56,Credit Card
10932,2023-12-05,5217,108,Home,Hyderabad,5,1033.43,5167.15,Net Banking
10933,2024-12-22,5258,120,Sports,Hyderabad,3,975.05,2925.15,Cash
10934,2024-02-18,5070,117,Home,Hyderabad,1,1653.56,1653.56,Cash
10935,2023-06-13,5241,106,Sports,Chennai,4,1038.43,4153.72,UPI
10936,2024-07-25,5159,127,Home,Chennai,2,1359.66,2719.32,Debit Card
10937,2023-07-24,5067,143,Books,Mumbai,3,3286.45,9859.35,Net Banking
10938,2024-10-20,5221,114,Home,Hyderabad,1,4132.98,4132.98,Net Banking
10939,2024-11-11,5289,143,Electronics,Delhi,2,746.71,1493.42,UPI
10940,2024-04-01,5030,143,Electronics,Hyderabad,3,4317.55,12952.65,Credit Card
10941,2023-02-07,5048,111,Clothing,Mumbai,3,4307.4,12922.2,Credit Card
10942,2024-10-22,5265,101,Sports,Bengaluru,5,312.5,1562.5,UPI
10943,2024-07-08,5124,143,Electronics,Delhi,2,2657.96,5315.92,Cash
10944,2023-06-30,5264,140,Sports,Delhi,1,4534.57,4534.57,Debit Card
10945,2023-02-01,5225,132,Sports,Delhi,4,1773.49,7093.96,Credit Card
10946,2024-03-23,5269,122,Home,Hyderabad,1,3411.69,3411.69,UPI
10947,2023-02-01,5101,125,Books,Hyderabad,4,854.32,3417.28,Cash
10948,2023-07-02,5085,127,Sports,Chennai,2,2620.15,5240.3,Net Banking
10949,2024-10-21,5291,140,Sports,Pune,1,1070.52,1070.52,Net Banking
10950,2024-02-16,5116,145,Sports,Delhi,1,4468.04,4468.04,Credit Card
10951,2023-04-15,5017,139,Electronics,Mumbai,4,4482.81,17931.24,Debit Card
10952,2023-12-27,5157,128,Home,Chennai,1,3264.76,3264.76,Net Banking
10953,2023-06-14,5264,137,Clothing,Chennai,2,3980.13,7960.26,UPI
10954,2024-08-06,5114,129,Electronics,Pune,1,2235.25,2235.25,Cash
10955,2023-06-13,5237,148,Clothing,Hyderabad,5,1510.95,7554.75,Net Banking
10956,2024-02-05,5149,121,Electronics,Chennai,2,4035.02,8070.04,UPI
10957,2024-07-29,5285,125,Home,Hyderabad,1,2470.92,2470.92,UPI
10958,2023-04-19,5030,138,Home,Chennai,4,4484.85,17939.4,Cash
10959,2023-05-09,5065,119,Books,Pune,3,2345.21,7035.63,Net Banking
10960,2023-05-06,5221,133,Electronics,Bengaluru,1,4202.41,4202.41,Debit Card
10961,2024-07-27,5295,132,Sports,Chennai,5,925.03,4625.15,Net Banking
10962,2024-06-03,5237,130,Clothing,Mumbai,4,4643.53,18574.12,Net Banking
10963,2024-07-04,5142,148,Electronics,Bengaluru,2,747.12,1494.24,Cash
10964,2024-11-14,5280,120,Clothing,Pune,2,1121.28,2242.56,Credit Card
10965,2024-06-27,5088,127,Clothing,Mumbai,1,3330.97,3330.97,Cash
10966,2023-09-16,5079,136,Clothing,Bengaluru,3,3891.38,11674.14,Debit Card
10967,2023-01-12,5150,104,Electronics,Mumbai,2,936.22,1872.44,Net Banking
10968,2024-11-24,5003,134,Electronics,Mumbai,1,2189.84,2189.84,Net Banking
10969,2023-01-20,5217,141,Clothing,Delhi,5,2253.8,11269.0,Cash
10970,2023-08-19,5286,141,Home,Pune,5,2527.26,12636.3,Net Banking
10971,2023-10-23,5270,149,Electronics,Delhi,1,1537.6,1537.6,UPI
10972,2023-04-05,5259,129,Home,Chennai,3,1844.43,5533.29,UPI
10973,2023-02-26,5174,123,Clothing,Delhi,5,4912.19,24560.95,Cash
10974,2023-09-28,5195,131,Clothing,Hyderabad,1,1223.85,1223.85,Cash
10975,2024-04-14,5263,141,Electronics,Chennai,4,1186.0,4744.0,Net Banking
10976,2024-02-09,5069,103,Clothing,Bengaluru,4,1024.44,4097.76,Debit Card
10977,2023-12-27,5124,121,Home,Pune,1,1341.97,1341.97,Debit Card
10978,2024-03-21,5175,146,Electronics,Chennai,4,1400.72,5602.88,UPI
10979,2023-10-03,5080,115,Books,Delhi,4,3521.52,14086.08,Net Banking
10980,2024-01-30,5090,115,Electronics,Mumbai,1,1257.8,1257.8,UPI
10981,2023-07-17,5176,110,Electronics,Bengaluru,2,307.9,615.8,Net Banking
10982,2023-08-10,5018,146,Electronics,Pune,1,4733.68,4733.68,Credit Card
10983,2023-12-28,5112,144,Home,Bengaluru,1,1944.97,1944.97,Debit Card
10984,2023-06-25,5143,138,Home,Mumbai,5,1531.38,7656.9,Credit Card
10985,2023-05-03,5146,123,Books,Hyderabad,4,797.3,3189.2,Net Banking
10986,2023-12-31,5047,128,Home,Hyderabad,1,2667.3,2667.3,Debit Card
10987,2024-07-07,5266,119,Sports,Hyderabad,2,4882.84,9765.68,Net Banking
10988,2023-11-27,5052,143,Books,Mumbai,2,828.84,1657.68,Credit Card
10989,2024-12-16,5135,133,Books,Chennai,3,2229.6,6688.8,Debit Card
10990,2023-11-13,5233,136,Sports,Pune,4,2291.76,9167.04,Net Banking
10991,2023-05-07,5093,142,Electronics,Pune,3,3119.47,9358.41,Credit Card
10992,2024-01-07,5149,110,Home,Chennai,4,1895.7,7582.8,UPI
10993,2023-05-13,5170,136,Clothing,Delhi,4,4327.69,17310.76,UPI
10994,2023-02-27,5233,144,Books,Pune,1,1000.76,1000.76,Cash
10995,2023-03-04,5038,120,Electronics,Chennai,5,3685.18,18425.9,Net Banking
10996,2024-04-14,5119,114,Clothing,Hyderabad,2,3108.66,6217.32,Net Banking
10997,2024-02-20,5077,111,Home,Chennai,2,2951.39,5902.78,UPI
10998,2024-01-16,5255,129,Electronics,Pune,1,3713.16,3713.16,Cash
10999,2023-05-21,5137,150,Electronics,Pune,4,4728.85,18915.4,Net Banking
11000,2023-02-08,5145,134,Electronics,Hyderabad,2,1188.95,2377.9,Debit Card
